Available Globally,Hours Viewed
0,3307802.9197080294
1,10664222.419140453
